threshold,macro_f05,entity_precision,entity_recall,avg_predicted_matches,p95_predicted_matches,n_zero_prediction_s1,frac_zero_prediction_s1,n_entities
0.1,0.9531319555464166,0.9524583333333334,0.9655416666666667,1.49,5.0,110,0.275,400
0.15,0.9621597333241944,0.9617083333333332,0.9730416666666667,1.4775,5.0,113,0.2825,400
0.2,0.9621597333241944,0.9617083333333332,0.9730416666666667,1.4775,5.0,113,0.2825,400
0.25,0.9661140938632232,0.9658333333333333,0.9755416666666668,1.4675,5.0,114,0.285,400
0.3,0.9666404096526969,0.9664583333333333,0.9755416666666668,1.465,5.0,114,0.285,400
0.35,0.9677515207638079,0.9677083333333333,0.9755416666666668,1.4625,5.0,114,0.285,400
0.4,0.9677515207638079,0.9677083333333333,0.9755416666666668,1.4625,5.0,114,0.285,400
0.45,0.9727515207638079,0.9727083333333333,0.9805416666666668,1.455,5.0,116,0.29,400
0.5,0.9729777651076992,0.9729166666666665,0.9805416666666668,1.4525,5.0,116,0.29,400
0.55,0.9754777651076992,0.9754166666666666,0.9830416666666667,1.45,5.0,117,0.2925,400
0.6,0.9754777651076992,0.9754166666666666,0.9830416666666667,1.45,5.0,117,0.2925,400
0.65,0.9754777651076992,0.9754166666666666,0.9830416666666667,1.45,5.0,117,0.2925,400
0.7,0.9729777651076992,0.9729166666666665,0.9805416666666668,1.4475,5.0,118,0.295,400
0.75,0.9715888762188104,0.9716666666666666,0.9780416666666667,1.4425,5.0,119,0.2975,400
0.8,0.9734142730442074,0.97375,0.9780416666666667,1.4375,5.0,119,0.2975,400
0.85,0.9718691341553183,0.9725,0.9749166666666668,1.43,5.0,120,0.3,400
0.9,0.9722964845826688,0.9729166666666668,0.9749166666666668,1.4225,5.0,120,0.3,400
0.95,0.9742621943115364,0.9752083333333335,0.97575,1.41,5.0,121,0.3025,400
0.98,0.9800820707070708,0.9816666666666667,0.9795,1.395,5.0,123,0.3075,400
0.99,0.9836931818181819,0.9854166666666667,0.982,1.39,5.0,124,0.31,400
0.995,0.9845770202020202,0.9866666666666667,0.9811666666666667,1.385,5.0,124,0.31,400
0.999,0.9826672979797979,0.9854166666666667,0.9774166666666667,1.375,5.0,125,0.3125,400
0.9995,0.9799068813131313,0.9829166666666667,0.9742916666666668,1.37,5.0,126,0.315,400
0.9999,0.9620612526770616,0.96625,0.952625,1.33,5.0,133,0.3325,400
